{"schemaVersion":"1.0","appDefinitionTemplate":{"id":"/providers/Microsoft.PowerApps/apps/","type":"Microsoft.PowerApps/apps","tags":{"primaryDeviceWidth":"1366","primaryDeviceHeight":"768","supportsPortrait":"true","supportsLandscape":"true","primaryFormFactor":"Tablet","publisherVersion":"3.23034.13","minimumRequiredApiVersion":"2.2.0","hasComponent":"false","hasUnlockedComponent":"false","isUnifiedRootApp":"false","sienaVersion":"20230412T085111Z-3.23034.13.0"},"properties":{"appVersion":"2023-04-12T08:51:11Z","lifeCycleId":"Published","createdByClientVersion":{"major":3,"minor":23034,"build":13,"revision":0,"majorRevision":0,"minorRevision":0},"minClientVersion":{"major":3,"minor":23034,"build":13,"revision":0,"majorRevision":0,"minorRevision":0},"backgroundColor":"rgba(202, 202, 202, 1)","backgroundImageUri":"/666133332320796538/N296646a4-deab-4e88-a5fe-2a8324c73b21-logoSmallFile","displayName":"QR  and Bar Code Generator and Reader","description":"PowerApp to create and Read QR code and Bar code","commitMessage":"","appUris":{"documentUri":{"value":"/666133332320796538/N2fe2d848-7ab1-49f3-b60f-221e7ade3993-document.msapp"},"imageUris":[],"additionalUris":[]},"createdTime":"0001-01-01T00:00:00Z","lastModifiedTime":"0001-01-01T00:00:00Z","sharedGroupsCount":0,"sharedUsersCount":0,"connectionReferences":{},"databaseReferences":{},"almMode":"Environment","performanceOptimizationEnabled":true,"canConsumeAppPass":true,"enableModernRuntimeMode":false,"executionRestrictions":{"isTeamsOnly":false,"dataLossPreventionEvaluationResult":{"status":"Compliant","lastEvaluationDate":"2023-03-14T11:08:05.3540091Z","violations":[],"violationsByPolicy":[],"violationErrorMessage":"The app uses the following connectors: ."}}},"appType":"ClassicCanvasApp","appComponents":[]}}